{
  "integrations": [
    {
      "id": "6d79fb1a-955c-4620-861a-51c712521345",
      "name": "SalesForce Case",
      "action": "CREATE_EVENT",
      "type": "INBOUND_WEBHOOK",
      "deployed": true,
      "form": "f5809ad6-143d-4ff2-8ecc-e8a98c244f6d",
      "script": "/*\n * This is used in the Inbound IB script editor to parse the incoming JSON payload from SalesForce.  This script\n parses the information, sets it to the xMatters form format and creates a xMatters Event.\n */\n\nvar data = JSON.parse(request.body);\n\nvar datan = '{' + '\"properties\":' + JSON.stringify(data) + '}';\nvar json = JSON.parse(datan);\nvar recipients = [];\nrecipients.push({'targetName': 'SalesForce'});  //Syntax to add a user\njson.recipients = recipients;\nconsole.log(JSON.stringify(json));\n\n\n// Post trigger to form\nform.post(json);\n\n\n\n\n\n\n\n\n\n\n\n\n\n\n\n\n\n\n\n\n\n\n",
      "environment": "HOSTED"
    },
    {
      "id": "225fcbe0-f0b5-4e74-bdbd-0368fc03cdaf",
      "name": "SalesForce Engage",
      "action": "RUN_SCRIPT",
      "type": "INBOUND_WEBHOOK",
      "deployed": true,
      "script": "/*\nInbound integration used to engage additonal groups and send an update..\n*/\n\n\nvar xmattersLibrary = require('xmatters_utility');\nvar slackLibrary = require('slack_utility');\n\nvar data = JSON.parse(request.body);\n\nvar datan = '{' + '\"properties\":' + JSON.stringify(data) + '}';\nvar json = JSON.parse(datan);\nconsole.log(JSON.stringify(json));\n\narr = data.recipients.split(';');\nvar recipients = [];\n\nfor (var i = 0, len = arr.length; i < len; i++) {\n  recipients.push({'targetName': arr[i]});  //Syntax to add a user\n}\njson.recipients = recipients;\n\nvar type = data.Type;\nconsole.log(\"Collaboration Type:\" + type);\nif (type.toLowerCase() == \"update\"){\n    path = '/reapi/2015-04-01/forms/2eb9b3e3-72f9-432d-9551-08e3c6e5256f/triggers';\n    xmattersLibrary.xmattersEvent(path, json);\n}\nelse if (type.toLowerCase() == \"conference call\"){\n    path = '/reapi/2015-04-01/forms/69c391fe-b599-42df-8f3f-6813ac0d5c4c/triggers';\n    xmattersLibrary.xmattersEvent(path, json);\n}\n",
      "environment": "HOSTED"
    },
    {
      "id": "6976c287-0a20-4db7-9311-bb5a8ecb4c14",
      "name": "Update Assign Field - Response",
      "action": "RUN_SCRIPT",
      "type": "OUTBOUND_WEBHOOK",
      "triggeredBy": "RESPONSE",
      "deployed": true,
      "form": "f5809ad6-143d-4ff2-8ecc-e8a98c244f6d",
      "script": "var callback = JSON.parse(request.body);\nconsole.log('Executing outbound integration for xMatters event ID: ' + callback.eventIdentifier);\n\n// Convert list of event properties to an eventProperties object\nif (callback.eventProperties && Array.isArray(callback.eventProperties)) {\n    var eventProperties = callback.eventProperties;\n    callback.eventProperties = {};\n\n    for (var i = 0; i < eventProperties.length; i++) {\n        var eventProperty = eventProperties[i];\n        var key = Object.keys(eventProperty)[0];\n        callback.eventProperties[key] = eventProperty[key];\n    }\n}\n// Handle responses without annotations\nif (callback.annotation == \"null\") {\n    callback.annotation = null;\n}\n\n\n\nvar ID      = callback.eventProperties['ID'];\n\nvar assigneeId = getUserId(callback.recipient );\n\nvar req = http.request({ \n  method: 'PATCH',\n  endpoint: 'SalesForce',\n  path: '/services/data/v39.0/sobjects/Case/' + ID,\n});\nvar payload = JSON.stringify({\n            \"OwnerId\": assigneeId\n});\nvar resp = req.write( payload );\nconsole.log( JSON.stringify( resp ) );\n\n\n\n/*********************************************** \n * getUserId\n * Get a user's unique Id from SF. \n ***********************************************/\nfunction getUserId( userName ) {\n    \n    // We're using SOQL here\n      var queryParms = \"q=select%20Id,%20name,%20username%20from%20User%20where%20Alias='\" + encodeURI( userName ) + \"'\";\n    console.log(queryParms);\n    \n    var request = http.request({\n        'endpoint': 'SalesForce',\n        'method': 'GET',\n        'path': '/services/data/v39.0/query/?' + queryParms,\n    });\n    \n    console.log( 'Getting user \"' + userName + '\"' );\n    \n    var response = request.write();\n    var userList = JSON.parse( response.body );\n    \n    if( userList.totalSize === 0 ){\n        return null;\n    }\n    else \n        return userList.records[0].Id;\n    \n}\n\n",
      "environment": "HOSTED"
    },
    {
      "id": "5e7378bd-b166-4569-829f-13e4371626ca",
      "name": "Update Comment- Delivery",
      "action": "RUN_SCRIPT",
      "type": "OUTBOUND_WEBHOOK",
      "triggeredBy": "DELIVERYSTATUS",
      "deployed": true,
      "form": "f5809ad6-143d-4ff2-8ecc-e8a98c244f6d",
      "script": "var callback = JSON.parse(request.body);\nconsole.log('Executing outbound integration for xMatters event ID: ' + callback.eventIdentifier);\n\n\n\n// Convert list of event properties to an eventProperties object\nif (callback.eventProperties && Array.isArray(callback.eventProperties)) {\n    var eventProperties = callback.eventProperties;\n    callback.eventProperties = {};\n\n    for (var i = 0; i < eventProperties.length; i++) {\n        var eventProperty = eventProperties[i];\n        var key = Object.keys(eventProperty)[0];\n        callback.eventProperties[key] = eventProperty[key];\n    }\n}\n\n// Handle responses without annotations\nif (callback.annotation == \"null\") {\n    callback.annotation = null;\n}\n\nconsole.log(\"Request body -\" + JSON.stringify(callback));\n\nvar ID      = callback.eventProperties['ID'];\nconsole.log(ID);\n\nconsole.log( 'Adding a note' );\n\npayload = {\n    \"ParentId\": ID,\n    \"CommentBody\": 'Update from xMatters at - ' + callback.recipient + \" contacted on \" + callback.device\n};\n\nreq = http.request({ \n  method: 'POST',\n  endpoint: 'SalesForce',\n  path: '/services/data/v39.0/sobjects/CaseComment' + '/',\n\n});\n\nresp = req.write( payload );\nconsole.log(resp);\n\n\n",
      "environment": "HOSTED"
    }
  ],
  "endpoints": [
    {
      "name": "SalesForce",
      "type": "EXTERNAL",
      "authentication": "NO_AUTH"
    },
    {
      "name": "xMatters2",
      "baseUrl": "https://advisors.na5.xmatters.com",
      "type": "EXTERNAL",
      "authentication": "NO_AUTH"
    }
  ],
  "constants": []
}