[
  {
    "name": "xmatters_utility",
    "script": "/*\n Share Library that retrieves an xMatters user id and checks to see if an xMatters event \n already exists.\n */\n\n\n\nexports.getuserID = function(fullname) {\n    console.log(\"Get xMatters Userid\");\n    \n    //var i = fullname.indexOf(\" \");\n    //var firstname = fullname.substring(0, i);\n    //var lastname = fullname.substring(i + 1);\n    var name = fullname.replace(\" \", '+');\n    console.log(\"Name - \" + name);\n    var request = http.request({ \n         \"endpoint\": \"xMatters2\",\n         \"path\": \"/api/xm/1/people?search=\" + name,\n         \"method\": \"GET\"\n    });\n\n    var response = request.write();\n    if (response.statusCode == 200 ) {\n       json = JSON.parse(response.body);\n       console.log( \"Retrieved  \" + json.count + \" of \" + json.total + \" people\" );\n    }\n    return json.data[0].targetName;\n};\n\nexports.xmattersEvent = function(path, payload) {\n    console.log(\"xMatters Event:\" + path + \" - \" + JSON.stringify(payload));\n    \n    var request = http.request({ \n         \"endpoint\": \"xMatters2\",\n         \"path\": path,\n         \"method\": \"POST\"\n    });\n\n    var response = request.write(payload);\n    if (response.statusCode == 200 ) {\n       json = JSON.parse(response.body);\n       console.log( \"Retrieved  \" + json.count + \" of \" + json.total + \" people\" );\n    }\n}"
  }
]